TCGA-2A-A8VL-01	~/INTEGRATE-Vis-master/example/Example1/TCGA_PRAD_333_FeatureCounts_tsv/TCGA-2A-A8VL-01.tsv
TCGA-2A-A8VO-01	~/INTEGRATE-Vis-master/example/Example1/TCGA_PRAD_333_FeatureCounts_tsv/TCGA-2A-A8VO-01.tsv
TCGA-2A-A8VT-01	~/INTEGRATE-Vis-master/example/Example1/TCGA_PRAD_333_FeatureCounts_tsv/TCGA-2A-A8VT-01.tsv
TCGA-2A-A8VV-01	~/INTEGRATE-Vis-master/example/Example1/TCGA_PRAD_333_FeatureCounts_tsv/TCGA-2A-A8VV-01.tsv
TCGA-2A-A8W1-01	~/INTEGRATE-Vis-master/example/Example1/TCGA_PRAD_333_FeatureCounts_tsv/TCGA-2A-A8W1-01.tsv
TCGA-2A-A8W3-01	~/INTEGRATE-Vis-master/example/Example1/TCGA_PRAD_333_FeatureCounts_tsv/TCGA-2A-A8W3-01.tsv
TCGA-CH-5737-01	~/INTEGRATE-Vis-master/example/Example1/TCGA_PRAD_333_FeatureCounts_tsv/TCGA-CH-5737-01.tsv
TCGA-CH-5738-01	~/INTEGRATE-Vis-master/example/Example1/TCGA_PRAD_333_FeatureCounts_tsv/TCGA-CH-5738-01.tsv
TCGA-CH-5739-01	~/INTEGRATE-Vis-master/example/Example1/TCGA_PRAD_333_FeatureCounts_tsv/TCGA-CH-5739-01.tsv
TCGA-CH-5740-01	~/INTEGRATE-Vis-master/example/Example1/TCGA_PRAD_333_FeatureCounts_tsv/TCGA-CH-5740-01.tsv
TCGA-CH-5741-01	~/INTEGRATE-Vis-master/example/Example1/TCGA_PRAD_333_FeatureCounts_tsv/TCGA-CH-5741-01.tsv
TCGA-CH-5743-01	~/INTEGRATE-Vis-master/example/Example1/TCGA_PRAD_333_FeatureCounts_tsv/TCGA-CH-5743-01.tsv
TCGA-CH-5744-01	~/INTEGRATE-Vis-master/example/Example1/TCGA_PRAD_333_FeatureCounts_tsv/TCGA-CH-5744-01.tsv
TCGA-CH-5746-01	~/INTEGRATE-Vis-master/example/Example1/TCGA_PRAD_333_FeatureCounts_tsv/TCGA-CH-5746-01.tsv
TCGA-CH-5748-01	~/INTEGRATE-Vis-master/example/Example1/TCGA_PRAD_333_FeatureCounts_tsv/TCGA-CH-5748-01.tsv
TCGA-CH-5750-01	~/INTEGRATE-Vis-master/example/Example1/TCGA_PRAD_333_FeatureCounts_tsv/TCGA-CH-5750-01.tsv
TCGA-CH-5751-01	~/INTEGRATE-Vis-master/example/Example1/TCGA_PRAD_333_FeatureCounts_tsv/TCGA-CH-5751-01.tsv
TCGA-CH-5752-01	~/INTEGRATE-Vis-master/example/Example1/TCGA_PRAD_333_FeatureCounts_tsv/TCGA-CH-5752-01.tsv
TCGA-CH-5753-01	~/INTEGRATE-Vis-master/example/Example1/TCGA_PRAD_333_FeatureCounts_tsv/TCGA-CH-5753-01.tsv
TCGA-CH-5754-01	~/INTEGRATE-Vis-master/example/Example1/TCGA_PRAD_333_FeatureCounts_tsv/TCGA-CH-5754-01.tsv
TCGA-CH-5761-01	~/INTEGRATE-Vis-master/example/Example1/TCGA_PRAD_333_FeatureCounts_tsv/TCGA-CH-5761-01.tsv
TCGA-CH-5762-01	~/INTEGRATE-Vis-master/example/Example1/TCGA_PRAD_333_FeatureCounts_tsv/TCGA-CH-5762-01.tsv
TCGA-CH-5763-01	~/INTEGRATE-Vis-master/example/Example1/TCGA_PRAD_333_FeatureCounts_tsv/TCGA-CH-5763-01.tsv
TCGA-CH-5764-01	~/INTEGRATE-Vis-master/example/Example1/TCGA_PRAD_333_FeatureCounts_tsv/TCGA-CH-5764-01.tsv
TCGA-CH-5765-01	~/INTEGRATE-Vis-master/example/Example1/TCGA_PRAD_333_FeatureCounts_tsv/TCGA-CH-5765-01.tsv
TCGA-CH-5766-01	~/INTEGRATE-Vis-master/example/Example1/TCGA_PRAD_333_FeatureCounts_tsv/TCGA-CH-5766-01.tsv
TCGA-CH-5767-01	~/INTEGRATE-Vis-master/example/Example1/TCGA_PRAD_333_FeatureCounts_tsv/TCGA-CH-5767-01.tsv
TCGA-CH-5768-01	~/INTEGRATE-Vis-master/example/Example1/TCGA_PRAD_333_FeatureCounts_tsv/TCGA-CH-5768-01.tsv
TCGA-CH-5769-01	~/INTEGRATE-Vis-master/example/Example1/TCGA_PRAD_333_FeatureCounts_tsv/TCGA-CH-5769-01.tsv
TCGA-CH-5771-01	~/INTEGRATE-Vis-master/example/Example1/TCGA_PRAD_333_FeatureCounts_tsv/TCGA-CH-5771-01.tsv
TCGA-CH-5772-01	~/INTEGRATE-Vis-master/example/Example1/TCGA_PRAD_333_FeatureCounts_tsv/TCGA-CH-5772-01.tsv
TCGA-CH-5788-01	~/INTEGRATE-Vis-master/example/Example1/TCGA_PRAD_333_FeatureCounts_tsv/TCGA-CH-5788-01.tsv
TCGA-CH-5789-01	~/INTEGRATE-Vis-master/example/Example1/TCGA_PRAD_333_FeatureCounts_tsv/TCGA-CH-5789-01.tsv
TCGA-CH-5790-01	~/INTEGRATE-Vis-master/example/Example1/TCGA_PRAD_333_FeatureCounts_tsv/TCGA-CH-5790-01.tsv
TCGA-CH-5791-01	~/INTEGRATE-Vis-master/example/Example1/TCGA_PRAD_333_FeatureCounts_tsv/TCGA-CH-5791-01.tsv
TCGA-CH-5792-01	~/INTEGRATE-Vis-master/example/Example1/TCGA_PRAD_333_FeatureCounts_tsv/TCGA-CH-5792-01.tsv
TCGA-CH-5794-01	~/INTEGRATE-Vis-master/example/Example1/TCGA_PRAD_333_FeatureCounts_tsv/TCGA-CH-5794-01.tsv
TCGA-EJ-5494-01	~/INTEGRATE-Vis-master/example/Example1/TCGA_PRAD_333_FeatureCounts_tsv/TCGA-EJ-5494-01.tsv
TCGA-EJ-5495-01	~/INTEGRATE-Vis-master/example/Example1/TCGA_PRAD_333_FeatureCounts_tsv/TCGA-EJ-5495-01.tsv
TCGA-EJ-5496-01	~/INTEGRATE-Vis-master/example/Example1/TCGA_PRAD_333_FeatureCounts_tsv/TCGA-EJ-5496-01.tsv
TCGA-EJ-5497-01	~/INTEGRATE-Vis-master/example/Example1/TCGA_PRAD_333_FeatureCounts_tsv/TCGA-EJ-5497-01.tsv
TCGA-EJ-5498-01	~/INTEGRATE-Vis-master/example/Example1/TCGA_PRAD_333_FeatureCounts_tsv/TCGA-EJ-5498-01.tsv
TCGA-EJ-5499-01	~/INTEGRATE-Vis-master/example/Example1/TCGA_PRAD_333_FeatureCounts_tsv/TCGA-EJ-5499-01.tsv
TCGA-EJ-5501-01	~/INTEGRATE-Vis-master/example/Example1/TCGA_PRAD_333_FeatureCounts_tsv/TCGA-EJ-5501-01.tsv
TCGA-EJ-5502-01	~/INTEGRATE-Vis-master/example/Example1/TCGA_PRAD_333_FeatureCounts_tsv/TCGA-EJ-5502-01.tsv
TCGA-EJ-5503-01	~/INTEGRATE-Vis-master/example/Example1/TCGA_PRAD_333_FeatureCounts_tsv/TCGA-EJ-5503-01.tsv
TCGA-EJ-5504-01	~/INTEGRATE-Vis-master/example/Example1/TCGA_PRAD_333_FeatureCounts_tsv/TCGA-EJ-5504-01.tsv
TCGA-EJ-5505-01	~/INTEGRATE-Vis-master/example/Example1/TCGA_PRAD_333_FeatureCounts_tsv/TCGA-EJ-5505-01.tsv
TCGA-EJ-5506-01	~/INTEGRATE-Vis-master/example/Example1/TCGA_PRAD_333_FeatureCounts_tsv/TCGA-EJ-5506-01.tsv
TCGA-EJ-5507-01	~/INTEGRATE-Vis-master/example/Example1/TCGA_PRAD_333_FeatureCounts_tsv/TCGA-EJ-5507-01.tsv
TCGA-EJ-5508-01	~/INTEGRATE-Vis-master/example/Example1/TCGA_PRAD_333_FeatureCounts_tsv/TCGA-EJ-5508-01.tsv
TCGA-EJ-5509-01	~/INTEGRATE-Vis-master/example/Example1/TCGA_PRAD_333_FeatureCounts_tsv/TCGA-EJ-5509-01.tsv
TCGA-EJ-5510-01	~/INTEGRATE-Vis-master/example/Example1/TCGA_PRAD_333_FeatureCounts_tsv/TCGA-EJ-5510-01.tsv
TCGA-EJ-5511-01	~/INTEGRATE-Vis-master/example/Example1/TCGA_PRAD_333_FeatureCounts_tsv/TCGA-EJ-5511-01.tsv
TCGA-EJ-5512-01	~/INTEGRATE-Vis-master/example/Example1/TCGA_PRAD_333_FeatureCounts_tsv/TCGA-EJ-5512-01.tsv
TCGA-EJ-5514-01	~/INTEGRATE-Vis-master/example/Example1/TCGA_PRAD_333_FeatureCounts_tsv/TCGA-EJ-5514-01.tsv
TCGA-EJ-5515-01	~/INTEGRATE-Vis-master/example/Example1/TCGA_PRAD_333_FeatureCounts_tsv/TCGA-EJ-5515-01.tsv
TCGA-EJ-5516-01	~/INTEGRATE-Vis-master/example/Example1/TCGA_PRAD_333_FeatureCounts_tsv/TCGA-EJ-5516-01.tsv
TCGA-EJ-5517-01	~/INTEGRATE-Vis-master/example/Example1/TCGA_PRAD_333_FeatureCounts_tsv/TCGA-EJ-5517-01.tsv
TCGA-EJ-5518-01	~/INTEGRATE-Vis-master/example/Example1/TCGA_PRAD_333_FeatureCounts_tsv/TCGA-EJ-5518-01.tsv
TCGA-EJ-5519-01	~/INTEGRATE-Vis-master/example/Example1/TCGA_PRAD_333_FeatureCounts_tsv/TCGA-EJ-5519-01.tsv
TCGA-EJ-5521-01	~/INTEGRATE-Vis-master/example/Example1/TCGA_PRAD_333_FeatureCounts_tsv/TCGA-EJ-5521-01.tsv
TCGA-EJ-5522-01	~/INTEGRATE-Vis-master/example/Example1/TCGA_PRAD_333_FeatureCounts_tsv/TCGA-EJ-5522-01.tsv
TCGA-EJ-5524-01	~/INTEGRATE-Vis-master/example/Example1/TCGA_PRAD_333_FeatureCounts_tsv/TCGA-EJ-5524-01.tsv
TCGA-EJ-5525-01	~/INTEGRATE-Vis-master/example/Example1/TCGA_PRAD_333_FeatureCounts_tsv/TCGA-EJ-5525-01.tsv
TCGA-EJ-5526-01	~/INTEGRATE-Vis-master/example/Example1/TCGA_PRAD_333_FeatureCounts_tsv/TCGA-EJ-5526-01.tsv
TCGA-EJ-5527-01	~/INTEGRATE-Vis-master/example/Example1/TCGA_PRAD_333_FeatureCounts_tsv/TCGA-EJ-5527-01.tsv
TCGA-EJ-5530-01	~/INTEGRATE-Vis-master/example/Example1/TCGA_PRAD_333_FeatureCounts_tsv/TCGA-EJ-5530-01.tsv
TCGA-EJ-5531-01	~/INTEGRATE-Vis-master/example/Example1/TCGA_PRAD_333_FeatureCounts_tsv/TCGA-EJ-5531-01.tsv
TCGA-EJ-5532-01	~/INTEGRATE-Vis-master/example/Example1/TCGA_PRAD_333_FeatureCounts_tsv/TCGA-EJ-5532-01.tsv
TCGA-EJ-5542-01	~/INTEGRATE-Vis-master/example/Example1/TCGA_PRAD_333_FeatureCounts_tsv/TCGA-EJ-5542-01.tsv
TCGA-EJ-7115-01	~/INTEGRATE-Vis-master/example/Example1/TCGA_PRAD_333_FeatureCounts_tsv/TCGA-EJ-7115-01.tsv
TCGA-EJ-7123-01	~/INTEGRATE-Vis-master/example/Example1/TCGA_PRAD_333_FeatureCounts_tsv/TCGA-EJ-7123-01.tsv
TCGA-EJ-7125-01	~/INTEGRATE-Vis-master/example/Example1/TCGA_PRAD_333_FeatureCounts_tsv/TCGA-EJ-7125-01.tsv
TCGA-EJ-7218-01	~/INTEGRATE-Vis-master/example/Example1/TCGA_PRAD_333_FeatureCounts_tsv/TCGA-EJ-7218-01.tsv
TCGA-EJ-7314-01	~/INTEGRATE-Vis-master/example/Example1/TCGA_PRAD_333_FeatureCounts_tsv/TCGA-EJ-7314-01.tsv
TCGA-EJ-7315-01	~/INTEGRATE-Vis-master/example/Example1/TCGA_PRAD_333_FeatureCounts_tsv/TCGA-EJ-7315-01.tsv
TCGA-EJ-7317-01	~/INTEGRATE-Vis-master/example/Example1/TCGA_PRAD_333_FeatureCounts_tsv/TCGA-EJ-7317-01.tsv
TCGA-EJ-7318-01	~/INTEGRATE-Vis-master/example/Example1/TCGA_PRAD_333_FeatureCounts_tsv/TCGA-EJ-7318-01.tsv
TCGA-EJ-7321-01	~/INTEGRATE-Vis-master/example/Example1/TCGA_PRAD_333_FeatureCounts_tsv/TCGA-EJ-7321-01.tsv
TCGA-EJ-7327-01	~/INTEGRATE-Vis-master/example/Example1/TCGA_PRAD_333_FeatureCounts_tsv/TCGA-EJ-7327-01.tsv
TCGA-EJ-7328-01	~/INTEGRATE-Vis-master/example/Example1/TCGA_PRAD_333_FeatureCounts_tsv/TCGA-EJ-7328-01.tsv
TCGA-EJ-7330-01	~/INTEGRATE-Vis-master/example/Example1/TCGA_PRAD_333_FeatureCounts_tsv/TCGA-EJ-7330-01.tsv
TCGA-EJ-7331-01	~/INTEGRATE-Vis-master/example/Example1/TCGA_PRAD_333_FeatureCounts_tsv/TCGA-EJ-7331-01.tsv
TCGA-EJ-7781-01	~/INTEGRATE-Vis-master/example/Example1/TCGA_PRAD_333_FeatureCounts_tsv/TCGA-EJ-7781-01.tsv
TCGA-EJ-7782-01	~/INTEGRATE-Vis-master/example/Example1/TCGA_PRAD_333_FeatureCounts_tsv/TCGA-EJ-7782-01.tsv
TCGA-EJ-7783-01	~/INTEGRATE-Vis-master/example/Example1/TCGA_PRAD_333_FeatureCounts_tsv/TCGA-EJ-7783-01.tsv
TCGA-EJ-7784-01	~/INTEGRATE-Vis-master/example/Example1/TCGA_PRAD_333_FeatureCounts_tsv/TCGA-EJ-7784-01.tsv
TCGA-EJ-7785-01	~/INTEGRATE-Vis-master/example/Example1/TCGA_PRAD_333_FeatureCounts_tsv/TCGA-EJ-7785-01.tsv
TCGA-EJ-7786-01	~/INTEGRATE-Vis-master/example/Example1/TCGA_PRAD_333_FeatureCounts_tsv/TCGA-EJ-7786-01.tsv
TCGA-EJ-7788-01	~/INTEGRATE-Vis-master/example/Example1/TCGA_PRAD_333_FeatureCounts_tsv/TCGA-EJ-7788-01.tsv
TCGA-EJ-7789-01	~/INTEGRATE-Vis-master/example/Example1/TCGA_PRAD_333_FeatureCounts_tsv/TCGA-EJ-7789-01.tsv
TCGA-EJ-7791-01	~/INTEGRATE-Vis-master/example/Example1/TCGA_PRAD_333_FeatureCounts_tsv/TCGA-EJ-7791-01.tsv
TCGA-EJ-7792-01	~/INTEGRATE-Vis-master/example/Example1/TCGA_PRAD_333_FeatureCounts_tsv/TCGA-EJ-7792-01.tsv
TCGA-EJ-7793-01	~/INTEGRATE-Vis-master/example/Example1/TCGA_PRAD_333_FeatureCounts_tsv/TCGA-EJ-7793-01.tsv
TCGA-EJ-7794-01	~/INTEGRATE-Vis-master/example/Example1/TCGA_PRAD_333_FeatureCounts_tsv/TCGA-EJ-7794-01.tsv
TCGA-EJ-7797-01	~/INTEGRATE-Vis-master/example/Example1/TCGA_PRAD_333_FeatureCounts_tsv/TCGA-EJ-7797-01.tsv
TCGA-EJ-8468-01	~/INTEGRATE-Vis-master/example/Example1/TCGA_PRAD_333_FeatureCounts_tsv/TCGA-EJ-8468-01.tsv
TCGA-EJ-8469-01	~/INTEGRATE-Vis-master/example/Example1/TCGA_PRAD_333_FeatureCounts_tsv/TCGA-EJ-8469-01.tsv
TCGA-EJ-8470-01	~/INTEGRATE-Vis-master/example/Example1/TCGA_PRAD_333_FeatureCounts_tsv/TCGA-EJ-8470-01.tsv
TCGA-EJ-8472-01	~/INTEGRATE-Vis-master/example/Example1/TCGA_PRAD_333_FeatureCounts_tsv/TCGA-EJ-8472-01.tsv
TCGA-EJ-8474-01	~/INTEGRATE-Vis-master/example/Example1/TCGA_PRAD_333_FeatureCounts_tsv/TCGA-EJ-8474-01.tsv
TCGA-EJ-A46D-01	~/INTEGRATE-Vis-master/example/Example1/TCGA_PRAD_333_FeatureCounts_tsv/TCGA-EJ-A46D-01.tsv
TCGA-EJ-A46G-01	~/INTEGRATE-Vis-master/example/Example1/TCGA_PRAD_333_FeatureCounts_tsv/TCGA-EJ-A46G-01.tsv
TCGA-EJ-A46I-01	~/INTEGRATE-Vis-master/example/Example1/TCGA_PRAD_333_FeatureCounts_tsv/TCGA-EJ-A46I-01.tsv
TCGA-EJ-A65E-01	~/INTEGRATE-Vis-master/example/Example1/TCGA_PRAD_333_FeatureCounts_tsv/TCGA-EJ-A65E-01.tsv
TCGA-EJ-A65F-01	~/INTEGRATE-Vis-master/example/Example1/TCGA_PRAD_333_FeatureCounts_tsv/TCGA-EJ-A65F-01.tsv
TCGA-EJ-A65G-01	~/INTEGRATE-Vis-master/example/Example1/TCGA_PRAD_333_FeatureCounts_tsv/TCGA-EJ-A65G-01.tsv
TCGA-EJ-A65J-01	~/INTEGRATE-Vis-master/example/Example1/TCGA_PRAD_333_FeatureCounts_tsv/TCGA-EJ-A65J-01.tsv
TCGA-EJ-A6RA-01	~/INTEGRATE-Vis-master/example/Example1/TCGA_PRAD_333_FeatureCounts_tsv/TCGA-EJ-A6RA-01.tsv
TCGA-EJ-A6RC-01	~/INTEGRATE-Vis-master/example/Example1/TCGA_PRAD_333_FeatureCounts_tsv/TCGA-EJ-A6RC-01.tsv
TCGA-EJ-A7NF-01	~/INTEGRATE-Vis-master/example/Example1/TCGA_PRAD_333_FeatureCounts_tsv/TCGA-EJ-A7NF-01.tsv
TCGA-EJ-A7NG-01	~/INTEGRATE-Vis-master/example/Example1/TCGA_PRAD_333_FeatureCounts_tsv/TCGA-EJ-A7NG-01.tsv
TCGA-EJ-A7NH-01	~/INTEGRATE-Vis-master/example/Example1/TCGA_PRAD_333_FeatureCounts_tsv/TCGA-EJ-A7NH-01.tsv
TCGA-EJ-A7NJ-01	~/INTEGRATE-Vis-master/example/Example1/TCGA_PRAD_333_FeatureCounts_tsv/TCGA-EJ-A7NJ-01.tsv
TCGA-EJ-A7NK-01	~/INTEGRATE-Vis-master/example/Example1/TCGA_PRAD_333_FeatureCounts_tsv/TCGA-EJ-A7NK-01.tsv
TCGA-EJ-A7NM-01	~/INTEGRATE-Vis-master/example/Example1/TCGA_PRAD_333_FeatureCounts_tsv/TCGA-EJ-A7NM-01.tsv
TCGA-EJ-A8FN-01	~/INTEGRATE-Vis-master/example/Example1/TCGA_PRAD_333_FeatureCounts_tsv/TCGA-EJ-A8FN-01.tsv
TCGA-EJ-A8FS-01	~/INTEGRATE-Vis-master/example/Example1/TCGA_PRAD_333_FeatureCounts_tsv/TCGA-EJ-A8FS-01.tsv
TCGA-EJ-A8FU-01	~/INTEGRATE-Vis-master/example/Example1/TCGA_PRAD_333_FeatureCounts_tsv/TCGA-EJ-A8FU-01.tsv
TCGA-FC-7708-01	~/INTEGRATE-Vis-master/example/Example1/TCGA_PRAD_333_FeatureCounts_tsv/TCGA-FC-7708-01.tsv
TCGA-FC-7961-01	~/INTEGRATE-Vis-master/example/Example1/TCGA_PRAD_333_FeatureCounts_tsv/TCGA-FC-7961-01.tsv
TCGA-FC-A4JI-01	~/INTEGRATE-Vis-master/example/Example1/TCGA_PRAD_333_FeatureCounts_tsv/TCGA-FC-A4JI-01.tsv
TCGA-FC-A5OB-01	~/INTEGRATE-Vis-master/example/Example1/TCGA_PRAD_333_FeatureCounts_tsv/TCGA-FC-A5OB-01.tsv
TCGA-FC-A8O0-01	~/INTEGRATE-Vis-master/example/Example1/TCGA_PRAD_333_FeatureCounts_tsv/TCGA-FC-A8O0-01.tsv
TCGA-G9-6329-01	~/INTEGRATE-Vis-master/example/Example1/TCGA_PRAD_333_FeatureCounts_tsv/TCGA-G9-6329-01.tsv
TCGA-G9-6333-01	~/INTEGRATE-Vis-master/example/Example1/TCGA_PRAD_333_FeatureCounts_tsv/TCGA-G9-6333-01.tsv
TCGA-G9-6336-01	~/INTEGRATE-Vis-master/example/Example1/TCGA_PRAD_333_FeatureCounts_tsv/TCGA-G9-6336-01.tsv
TCGA-G9-6342-01	~/INTEGRATE-Vis-master/example/Example1/TCGA_PRAD_333_FeatureCounts_tsv/TCGA-G9-6342-01.tsv
TCGA-G9-6348-01	~/INTEGRATE-Vis-master/example/Example1/TCGA_PRAD_333_FeatureCounts_tsv/TCGA-G9-6348-01.tsv
TCGA-G9-6351-01	~/INTEGRATE-Vis-master/example/Example1/TCGA_PRAD_333_FeatureCounts_tsv/TCGA-G9-6351-01.tsv
TCGA-G9-6353-01	~/INTEGRATE-Vis-master/example/Example1/TCGA_PRAD_333_FeatureCounts_tsv/TCGA-G9-6353-01.tsv
TCGA-G9-6356-01	~/INTEGRATE-Vis-master/example/Example1/TCGA_PRAD_333_FeatureCounts_tsv/TCGA-G9-6356-01.tsv
TCGA-G9-6361-01	~/INTEGRATE-Vis-master/example/Example1/TCGA_PRAD_333_FeatureCounts_tsv/TCGA-G9-6361-01.tsv
TCGA-G9-6363-01	~/INTEGRATE-Vis-master/example/Example1/TCGA_PRAD_333_FeatureCounts_tsv/TCGA-G9-6363-01.tsv
TCGA-G9-6364-01	~/INTEGRATE-Vis-master/example/Example1/TCGA_PRAD_333_FeatureCounts_tsv/TCGA-G9-6364-01.tsv
TCGA-G9-6365-01	~/INTEGRATE-Vis-master/example/Example1/TCGA_PRAD_333_FeatureCounts_tsv/TCGA-G9-6365-01.tsv
TCGA-G9-6366-01	~/INTEGRATE-Vis-master/example/Example1/TCGA_PRAD_333_FeatureCounts_tsv/TCGA-G9-6366-01.tsv
TCGA-G9-6367-01	~/INTEGRATE-Vis-master/example/Example1/TCGA_PRAD_333_FeatureCounts_tsv/TCGA-G9-6367-01.tsv
TCGA-G9-6370-01	~/INTEGRATE-Vis-master/example/Example1/TCGA_PRAD_333_FeatureCounts_tsv/TCGA-G9-6370-01.tsv
TCGA-G9-6371-01	~/INTEGRATE-Vis-master/example/Example1/TCGA_PRAD_333_FeatureCounts_tsv/TCGA-G9-6371-01.tsv
TCGA-G9-6377-01	~/INTEGRATE-Vis-master/example/Example1/TCGA_PRAD_333_FeatureCounts_tsv/TCGA-G9-6377-01.tsv
TCGA-G9-6378-01	~/INTEGRATE-Vis-master/example/Example1/TCGA_PRAD_333_FeatureCounts_tsv/TCGA-G9-6378-01.tsv
TCGA-G9-6384-01	~/INTEGRATE-Vis-master/example/Example1/TCGA_PRAD_333_FeatureCounts_tsv/TCGA-G9-6384-01.tsv
TCGA-G9-6385-01	~/INTEGRATE-Vis-master/example/Example1/TCGA_PRAD_333_FeatureCounts_tsv/TCGA-G9-6385-01.tsv
TCGA-G9-6494-01	~/INTEGRATE-Vis-master/example/Example1/TCGA_PRAD_333_FeatureCounts_tsv/TCGA-G9-6494-01.tsv
TCGA-G9-6499-01	~/INTEGRATE-Vis-master/example/Example1/TCGA_PRAD_333_FeatureCounts_tsv/TCGA-G9-6499-01.tsv
TCGA-G9-7510-01	~/INTEGRATE-Vis-master/example/Example1/TCGA_PRAD_333_FeatureCounts_tsv/TCGA-G9-7510-01.tsv
TCGA-G9-7519-01	~/INTEGRATE-Vis-master/example/Example1/TCGA_PRAD_333_FeatureCounts_tsv/TCGA-G9-7519-01.tsv
TCGA-G9-7521-01	~/INTEGRATE-Vis-master/example/Example1/TCGA_PRAD_333_FeatureCounts_tsv/TCGA-G9-7521-01.tsv
TCGA-G9-7522-01	~/INTEGRATE-Vis-master/example/Example1/TCGA_PRAD_333_FeatureCounts_tsv/TCGA-G9-7522-01.tsv
TCGA-G9-7523-01	~/INTEGRATE-Vis-master/example/Example1/TCGA_PRAD_333_FeatureCounts_tsv/TCGA-G9-7523-01.tsv
TCGA-H9-7775-01	~/INTEGRATE-Vis-master/example/Example1/TCGA_PRAD_333_FeatureCounts_tsv/TCGA-H9-7775-01.tsv
TCGA-HC-7075-01	~/INTEGRATE-Vis-master/example/Example1/TCGA_PRAD_333_FeatureCounts_tsv/TCGA-HC-7075-01.tsv
TCGA-HC-7077-01	~/INTEGRATE-Vis-master/example/Example1/TCGA_PRAD_333_FeatureCounts_tsv/TCGA-HC-7077-01.tsv
TCGA-HC-7078-01	~/INTEGRATE-Vis-master/example/Example1/TCGA_PRAD_333_FeatureCounts_tsv/TCGA-HC-7078-01.tsv
TCGA-HC-7079-01	~/INTEGRATE-Vis-master/example/Example1/TCGA_PRAD_333_FeatureCounts_tsv/TCGA-HC-7079-01.tsv
TCGA-HC-7080-01	~/INTEGRATE-Vis-master/example/Example1/TCGA_PRAD_333_FeatureCounts_tsv/TCGA-HC-7080-01.tsv
TCGA-HC-7081-01	~/INTEGRATE-Vis-master/example/Example1/TCGA_PRAD_333_FeatureCounts_tsv/TCGA-HC-7081-01.tsv
TCGA-HC-7209-01	~/INTEGRATE-Vis-master/example/Example1/TCGA_PRAD_333_FeatureCounts_tsv/TCGA-HC-7209-01.tsv
TCGA-HC-7210-01	~/INTEGRATE-Vis-master/example/Example1/TCGA_PRAD_333_FeatureCounts_tsv/TCGA-HC-7210-01.tsv
TCGA-HC-7211-01	~/INTEGRATE-Vis-master/example/Example1/TCGA_PRAD_333_FeatureCounts_tsv/TCGA-HC-7211-01.tsv
TCGA-HC-7212-01	~/INTEGRATE-Vis-master/example/Example1/TCGA_PRAD_333_FeatureCounts_tsv/TCGA-HC-7212-01.tsv
TCGA-HC-7213-01	~/INTEGRATE-Vis-master/example/Example1/TCGA_PRAD_333_FeatureCounts_tsv/TCGA-HC-7213-01.tsv
TCGA-HC-7230-01	~/INTEGRATE-Vis-master/example/Example1/TCGA_PRAD_333_FeatureCounts_tsv/TCGA-HC-7230-01.tsv
TCGA-HC-7231-01	~/INTEGRATE-Vis-master/example/Example1/TCGA_PRAD_333_FeatureCounts_tsv/TCGA-HC-7231-01.tsv
TCGA-HC-7232-01	~/INTEGRATE-Vis-master/example/Example1/TCGA_PRAD_333_FeatureCounts_tsv/TCGA-HC-7232-01.tsv
TCGA-HC-7233-01	~/INTEGRATE-Vis-master/example/Example1/TCGA_PRAD_333_FeatureCounts_tsv/TCGA-HC-7233-01.tsv
TCGA-HC-7736-01	~/INTEGRATE-Vis-master/example/Example1/TCGA_PRAD_333_FeatureCounts_tsv/TCGA-HC-7736-01.tsv
TCGA-HC-7737-01	~/INTEGRATE-Vis-master/example/Example1/TCGA_PRAD_333_FeatureCounts_tsv/TCGA-HC-7737-01.tsv
TCGA-HC-7740-01	~/INTEGRATE-Vis-master/example/Example1/TCGA_PRAD_333_FeatureCounts_tsv/TCGA-HC-7740-01.tsv
TCGA-HC-7742-01	~/INTEGRATE-Vis-master/example/Example1/TCGA_PRAD_333_FeatureCounts_tsv/TCGA-HC-7742-01.tsv
TCGA-HC-7744-01	~/INTEGRATE-Vis-master/example/Example1/TCGA_PRAD_333_FeatureCounts_tsv/TCGA-HC-7744-01.tsv
TCGA-HC-7747-01	~/INTEGRATE-Vis-master/example/Example1/TCGA_PRAD_333_FeatureCounts_tsv/TCGA-HC-7747-01.tsv
TCGA-HC-7748-01	~/INTEGRATE-Vis-master/example/Example1/TCGA_PRAD_333_FeatureCounts_tsv/TCGA-HC-7748-01.tsv
TCGA-HC-7749-01	~/INTEGRATE-Vis-master/example/Example1/TCGA_PRAD_333_FeatureCounts_tsv/TCGA-HC-7749-01.tsv
TCGA-HC-7750-01	~/INTEGRATE-Vis-master/example/Example1/TCGA_PRAD_333_FeatureCounts_tsv/TCGA-HC-7750-01.tsv
TCGA-HC-7818-01	~/INTEGRATE-Vis-master/example/Example1/TCGA_PRAD_333_FeatureCounts_tsv/TCGA-HC-7818-01.tsv
TCGA-HC-7820-01	~/INTEGRATE-Vis-master/example/Example1/TCGA_PRAD_333_FeatureCounts_tsv/TCGA-HC-7820-01.tsv
TCGA-HC-7821-01	~/INTEGRATE-Vis-master/example/Example1/TCGA_PRAD_333_FeatureCounts_tsv/TCGA-HC-7821-01.tsv
TCGA-HC-8213-01	~/INTEGRATE-Vis-master/example/Example1/TCGA_PRAD_333_FeatureCounts_tsv/TCGA-HC-8213-01.tsv
TCGA-HC-8216-01	~/INTEGRATE-Vis-master/example/Example1/TCGA_PRAD_333_FeatureCounts_tsv/TCGA-HC-8216-01.tsv
TCGA-HC-8256-01	~/INTEGRATE-Vis-master/example/Example1/TCGA_PRAD_333_FeatureCounts_tsv/TCGA-HC-8256-01.tsv
TCGA-HC-8257-01	~/INTEGRATE-Vis-master/example/Example1/TCGA_PRAD_333_FeatureCounts_tsv/TCGA-HC-8257-01.tsv
TCGA-HC-8258-01	~/INTEGRATE-Vis-master/example/Example1/TCGA_PRAD_333_FeatureCounts_tsv/TCGA-HC-8258-01.tsv
TCGA-HC-8260-01	~/INTEGRATE-Vis-master/example/Example1/TCGA_PRAD_333_FeatureCounts_tsv/TCGA-HC-8260-01.tsv
TCGA-HC-8261-01	~/INTEGRATE-Vis-master/example/Example1/TCGA_PRAD_333_FeatureCounts_tsv/TCGA-HC-8261-01.tsv
TCGA-HC-8262-01	~/INTEGRATE-Vis-master/example/Example1/TCGA_PRAD_333_FeatureCounts_tsv/TCGA-HC-8262-01.tsv
TCGA-HC-8264-01	~/INTEGRATE-Vis-master/example/Example1/TCGA_PRAD_333_FeatureCounts_tsv/TCGA-HC-8264-01.tsv
TCGA-HC-8265-01	~/INTEGRATE-Vis-master/example/Example1/TCGA_PRAD_333_FeatureCounts_tsv/TCGA-HC-8265-01.tsv
TCGA-HC-8266-01	~/INTEGRATE-Vis-master/example/Example1/TCGA_PRAD_333_FeatureCounts_tsv/TCGA-HC-8266-01.tsv
TCGA-HC-A48F-01	~/INTEGRATE-Vis-master/example/Example1/TCGA_PRAD_333_FeatureCounts_tsv/TCGA-HC-A48F-01.tsv
TCGA-HC-A4ZV-01	~/INTEGRATE-Vis-master/example/Example1/TCGA_PRAD_333_FeatureCounts_tsv/TCGA-HC-A4ZV-01.tsv
TCGA-HC-A631-01	~/INTEGRATE-Vis-master/example/Example1/TCGA_PRAD_333_FeatureCounts_tsv/TCGA-HC-A631-01.tsv
TCGA-HC-A632-01	~/INTEGRATE-Vis-master/example/Example1/TCGA_PRAD_333_FeatureCounts_tsv/TCGA-HC-A632-01.tsv
TCGA-HC-A76W-01	~/INTEGRATE-Vis-master/example/Example1/TCGA_PRAD_333_FeatureCounts_tsv/TCGA-HC-A76W-01.tsv
TCGA-HC-A76X-01	~/INTEGRATE-Vis-master/example/Example1/TCGA_PRAD_333_FeatureCounts_tsv/TCGA-HC-A76X-01.tsv
TCGA-HC-A8CY-01	~/INTEGRATE-Vis-master/example/Example1/TCGA_PRAD_333_FeatureCounts_tsv/TCGA-HC-A8CY-01.tsv
TCGA-HC-A8D0-01	~/INTEGRATE-Vis-master/example/Example1/TCGA_PRAD_333_FeatureCounts_tsv/TCGA-HC-A8D0-01.tsv
TCGA-HC-A8D1-01	~/INTEGRATE-Vis-master/example/Example1/TCGA_PRAD_333_FeatureCounts_tsv/TCGA-HC-A8D1-01.tsv
TCGA-HI-7168-01	~/INTEGRATE-Vis-master/example/Example1/TCGA_PRAD_333_FeatureCounts_tsv/TCGA-HI-7168-01.tsv
TCGA-HI-7170-01	~/INTEGRATE-Vis-master/example/Example1/TCGA_PRAD_333_FeatureCounts_tsv/TCGA-HI-7170-01.tsv
TCGA-HI-7171-01	~/INTEGRATE-Vis-master/example/Example1/TCGA_PRAD_333_FeatureCounts_tsv/TCGA-HI-7171-01.tsv
TCGA-J4-8198-01	~/INTEGRATE-Vis-master/example/Example1/TCGA_PRAD_333_FeatureCounts_tsv/TCGA-J4-8198-01.tsv
TCGA-J4-8200-01	~/INTEGRATE-Vis-master/example/Example1/TCGA_PRAD_333_FeatureCounts_tsv/TCGA-J4-8200-01.tsv
TCGA-J4-A67T-01	~/INTEGRATE-Vis-master/example/Example1/TCGA_PRAD_333_FeatureCounts_tsv/TCGA-J4-A67T-01.tsv
TCGA-J4-A6G1-01	~/INTEGRATE-Vis-master/example/Example1/TCGA_PRAD_333_FeatureCounts_tsv/TCGA-J4-A6G1-01.tsv
TCGA-J4-A6G3-01	~/INTEGRATE-Vis-master/example/Example1/TCGA_PRAD_333_FeatureCounts_tsv/TCGA-J4-A6G3-01.tsv
TCGA-J4-A6M7-01	~/INTEGRATE-Vis-master/example/Example1/TCGA_PRAD_333_FeatureCounts_tsv/TCGA-J4-A6M7-01.tsv
TCGA-J4-A83I-01	~/INTEGRATE-Vis-master/example/Example1/TCGA_PRAD_333_FeatureCounts_tsv/TCGA-J4-A83I-01.tsv
TCGA-J4-A83K-01	~/INTEGRATE-Vis-master/example/Example1/TCGA_PRAD_333_FeatureCounts_tsv/TCGA-J4-A83K-01.tsv
TCGA-J4-A83M-01	~/INTEGRATE-Vis-master/example/Example1/TCGA_PRAD_333_FeatureCounts_tsv/TCGA-J4-A83M-01.tsv
TCGA-J4-A83N-01	~/INTEGRATE-Vis-master/example/Example1/TCGA_PRAD_333_FeatureCounts_tsv/TCGA-J4-A83N-01.tsv
TCGA-J9-A52B-01	~/INTEGRATE-Vis-master/example/Example1/TCGA_PRAD_333_FeatureCounts_tsv/TCGA-J9-A52B-01.tsv
TCGA-J9-A8CK-01	~/INTEGRATE-Vis-master/example/Example1/TCGA_PRAD_333_FeatureCounts_tsv/TCGA-J9-A8CK-01.tsv
TCGA-J9-A8CL-01	~/INTEGRATE-Vis-master/example/Example1/TCGA_PRAD_333_FeatureCounts_tsv/TCGA-J9-A8CL-01.tsv
TCGA-J9-A8CM-01	~/INTEGRATE-Vis-master/example/Example1/TCGA_PRAD_333_FeatureCounts_tsv/TCGA-J9-A8CM-01.tsv
TCGA-J9-A8CN-01	~/INTEGRATE-Vis-master/example/Example1/TCGA_PRAD_333_FeatureCounts_tsv/TCGA-J9-A8CN-01.tsv
TCGA-J9-A8CP-01	~/INTEGRATE-Vis-master/example/Example1/TCGA_PRAD_333_FeatureCounts_tsv/TCGA-J9-A8CP-01.tsv
TCGA-KC-A4BL-01	~/INTEGRATE-Vis-master/example/Example1/TCGA_PRAD_333_FeatureCounts_tsv/TCGA-KC-A4BL-01.tsv
TCGA-KC-A4BN-01	~/INTEGRATE-Vis-master/example/Example1/TCGA_PRAD_333_FeatureCounts_tsv/TCGA-KC-A4BN-01.tsv
TCGA-KC-A4BR-01	~/INTEGRATE-Vis-master/example/Example1/TCGA_PRAD_333_FeatureCounts_tsv/TCGA-KC-A4BR-01.tsv
TCGA-KC-A4BV-01	~/INTEGRATE-Vis-master/example/Example1/TCGA_PRAD_333_FeatureCounts_tsv/TCGA-KC-A4BV-01.tsv
TCGA-KC-A7F3-01	~/INTEGRATE-Vis-master/example/Example1/TCGA_PRAD_333_FeatureCounts_tsv/TCGA-KC-A7F3-01.tsv
TCGA-KC-A7F6-01	~/INTEGRATE-Vis-master/example/Example1/TCGA_PRAD_333_FeatureCounts_tsv/TCGA-KC-A7F6-01.tsv
TCGA-KC-A7FA-01	~/INTEGRATE-Vis-master/example/Example1/TCGA_PRAD_333_FeatureCounts_tsv/TCGA-KC-A7FA-01.tsv
TCGA-KC-A7FD-01	~/INTEGRATE-Vis-master/example/Example1/TCGA_PRAD_333_FeatureCounts_tsv/TCGA-KC-A7FD-01.tsv
TCGA-KC-A7FE-01	~/INTEGRATE-Vis-master/example/Example1/TCGA_PRAD_333_FeatureCounts_tsv/TCGA-KC-A7FE-01.tsv
TCGA-KK-A59X-01	~/INTEGRATE-Vis-master/example/Example1/TCGA_PRAD_333_FeatureCounts_tsv/TCGA-KK-A59X-01.tsv
TCGA-KK-A59Y-01	~/INTEGRATE-Vis-master/example/Example1/TCGA_PRAD_333_FeatureCounts_tsv/TCGA-KK-A59Y-01.tsv
TCGA-KK-A59Z-01	~/INTEGRATE-Vis-master/example/Example1/TCGA_PRAD_333_FeatureCounts_tsv/TCGA-KK-A59Z-01.tsv
TCGA-KK-A6DY-01	~/INTEGRATE-Vis-master/example/Example1/TCGA_PRAD_333_FeatureCounts_tsv/TCGA-KK-A6DY-01.tsv
TCGA-KK-A6E0-01	~/INTEGRATE-Vis-master/example/Example1/TCGA_PRAD_333_FeatureCounts_tsv/TCGA-KK-A6E0-01.tsv
TCGA-KK-A6E1-01	~/INTEGRATE-Vis-master/example/Example1/TCGA_PRAD_333_FeatureCounts_tsv/TCGA-KK-A6E1-01.tsv
TCGA-KK-A6E2-01	~/INTEGRATE-Vis-master/example/Example1/TCGA_PRAD_333_FeatureCounts_tsv/TCGA-KK-A6E2-01.tsv
TCGA-KK-A6E5-01	~/INTEGRATE-Vis-master/example/Example1/TCGA_PRAD_333_FeatureCounts_tsv/TCGA-KK-A6E5-01.tsv
TCGA-KK-A6E6-01	~/INTEGRATE-Vis-master/example/Example1/TCGA_PRAD_333_FeatureCounts_tsv/TCGA-KK-A6E6-01.tsv
TCGA-KK-A7AP-01	~/INTEGRATE-Vis-master/example/Example1/TCGA_PRAD_333_FeatureCounts_tsv/TCGA-KK-A7AP-01.tsv
TCGA-KK-A7AU-01	~/INTEGRATE-Vis-master/example/Example1/TCGA_PRAD_333_FeatureCounts_tsv/TCGA-KK-A7AU-01.tsv
TCGA-KK-A7AV-01	~/INTEGRATE-Vis-master/example/Example1/TCGA_PRAD_333_FeatureCounts_tsv/TCGA-KK-A7AV-01.tsv
TCGA-KK-A7B1-01	~/INTEGRATE-Vis-master/example/Example1/TCGA_PRAD_333_FeatureCounts_tsv/TCGA-KK-A7B1-01.tsv
TCGA-KK-A7B3-01	~/INTEGRATE-Vis-master/example/Example1/TCGA_PRAD_333_FeatureCounts_tsv/TCGA-KK-A7B3-01.tsv
TCGA-KK-A7B4-01	~/INTEGRATE-Vis-master/example/Example1/TCGA_PRAD_333_FeatureCounts_tsv/TCGA-KK-A7B4-01.tsv
TCGA-KK-A8I4-01	~/INTEGRATE-Vis-master/example/Example1/TCGA_PRAD_333_FeatureCounts_tsv/TCGA-KK-A8I4-01.tsv
TCGA-KK-A8I5-01	~/INTEGRATE-Vis-master/example/Example1/TCGA_PRAD_333_FeatureCounts_tsv/TCGA-KK-A8I5-01.tsv
TCGA-KK-A8I6-01	~/INTEGRATE-Vis-master/example/Example1/TCGA_PRAD_333_FeatureCounts_tsv/TCGA-KK-A8I6-01.tsv
TCGA-KK-A8I8-01	~/INTEGRATE-Vis-master/example/Example1/TCGA_PRAD_333_FeatureCounts_tsv/TCGA-KK-A8I8-01.tsv
TCGA-KK-A8I9-01	~/INTEGRATE-Vis-master/example/Example1/TCGA_PRAD_333_FeatureCounts_tsv/TCGA-KK-A8I9-01.tsv
TCGA-KK-A8IA-01	~/INTEGRATE-Vis-master/example/Example1/TCGA_PRAD_333_FeatureCounts_tsv/TCGA-KK-A8IA-01.tsv
TCGA-KK-A8IB-01	~/INTEGRATE-Vis-master/example/Example1/TCGA_PRAD_333_FeatureCounts_tsv/TCGA-KK-A8IB-01.tsv
TCGA-KK-A8IC-01	~/INTEGRATE-Vis-master/example/Example1/TCGA_PRAD_333_FeatureCounts_tsv/TCGA-KK-A8IC-01.tsv
TCGA-KK-A8ID-01	~/INTEGRATE-Vis-master/example/Example1/TCGA_PRAD_333_FeatureCounts_tsv/TCGA-KK-A8ID-01.tsv
TCGA-KK-A8IF-01	~/INTEGRATE-Vis-master/example/Example1/TCGA_PRAD_333_FeatureCounts_tsv/TCGA-KK-A8IF-01.tsv
TCGA-KK-A8IG-01	~/INTEGRATE-Vis-master/example/Example1/TCGA_PRAD_333_FeatureCounts_tsv/TCGA-KK-A8IG-01.tsv
TCGA-KK-A8IH-01	~/INTEGRATE-Vis-master/example/Example1/TCGA_PRAD_333_FeatureCounts_tsv/TCGA-KK-A8IH-01.tsv
TCGA-KK-A8II-01	~/INTEGRATE-Vis-master/example/Example1/TCGA_PRAD_333_FeatureCounts_tsv/TCGA-KK-A8II-01.tsv
TCGA-KK-A8IJ-01	~/INTEGRATE-Vis-master/example/Example1/TCGA_PRAD_333_FeatureCounts_tsv/TCGA-KK-A8IJ-01.tsv
TCGA-KK-A8IK-01	~/INTEGRATE-Vis-master/example/Example1/TCGA_PRAD_333_FeatureCounts_tsv/TCGA-KK-A8IK-01.tsv
TCGA-KK-A8IL-01	~/INTEGRATE-Vis-master/example/Example1/TCGA_PRAD_333_FeatureCounts_tsv/TCGA-KK-A8IL-01.tsv
TCGA-M7-A71Y-01	~/INTEGRATE-Vis-master/example/Example1/TCGA_PRAD_333_FeatureCounts_tsv/TCGA-M7-A71Y-01.tsv
TCGA-M7-A720-01	~/INTEGRATE-Vis-master/example/Example1/TCGA_PRAD_333_FeatureCounts_tsv/TCGA-M7-A720-01.tsv
TCGA-M7-A721-01	~/INTEGRATE-Vis-master/example/Example1/TCGA_PRAD_333_FeatureCounts_tsv/TCGA-M7-A721-01.tsv
TCGA-M7-A725-01	~/INTEGRATE-Vis-master/example/Example1/TCGA_PRAD_333_FeatureCounts_tsv/TCGA-M7-A725-01.tsv
TCGA-QU-A6IP-01	~/INTEGRATE-Vis-master/example/Example1/TCGA_PRAD_333_FeatureCounts_tsv/TCGA-QU-A6IP-01.tsv
TCGA-SU-A7E7-01	~/INTEGRATE-Vis-master/example/Example1/TCGA_PRAD_333_FeatureCounts_tsv/TCGA-SU-A7E7-01.tsv
TCGA-TK-A8OK-01	~/INTEGRATE-Vis-master/example/Example1/TCGA_PRAD_333_FeatureCounts_tsv/TCGA-TK-A8OK-01.tsv
TCGA-V1-A8MF-01	~/INTEGRATE-Vis-master/example/Example1/TCGA_PRAD_333_FeatureCounts_tsv/TCGA-V1-A8MF-01.tsv
TCGA-V1-A8MG-01	~/INTEGRATE-Vis-master/example/Example1/TCGA_PRAD_333_FeatureCounts_tsv/TCGA-V1-A8MG-01.tsv
TCGA-V1-A8MJ-01	~/INTEGRATE-Vis-master/example/Example1/TCGA_PRAD_333_FeatureCounts_tsv/TCGA-V1-A8MJ-01.tsv
TCGA-V1-A8ML-01	~/INTEGRATE-Vis-master/example/Example1/TCGA_PRAD_333_FeatureCounts_tsv/TCGA-V1-A8ML-01.tsv
TCGA-V1-A8MU-01	~/INTEGRATE-Vis-master/example/Example1/TCGA_PRAD_333_FeatureCounts_tsv/TCGA-V1-A8MU-01.tsv
TCGA-V1-A8WL-01	~/INTEGRATE-Vis-master/example/Example1/TCGA_PRAD_333_FeatureCounts_tsv/TCGA-V1-A8WL-01.tsv
TCGA-V1-A8WN-01	~/INTEGRATE-Vis-master/example/Example1/TCGA_PRAD_333_FeatureCounts_tsv/TCGA-V1-A8WN-01.tsv
TCGA-V1-A8WS-01	~/INTEGRATE-Vis-master/example/Example1/TCGA_PRAD_333_FeatureCounts_tsv/TCGA-V1-A8WS-01.tsv
TCGA-V1-A8WV-01	~/INTEGRATE-Vis-master/example/Example1/TCGA_PRAD_333_FeatureCounts_tsv/TCGA-V1-A8WV-01.tsv
TCGA-V1-A8WW-01	~/INTEGRATE-Vis-master/example/Example1/TCGA_PRAD_333_FeatureCounts_tsv/TCGA-V1-A8WW-01.tsv
TCGA-V1-A8X3-01	~/INTEGRATE-Vis-master/example/Example1/TCGA_PRAD_333_FeatureCounts_tsv/TCGA-V1-A8X3-01.tsv
TCGA-VN-A88I-01	~/INTEGRATE-Vis-master/example/Example1/TCGA_PRAD_333_FeatureCounts_tsv/TCGA-VN-A88I-01.tsv
TCGA-VN-A88K-01	~/INTEGRATE-Vis-master/example/Example1/TCGA_PRAD_333_FeatureCounts_tsv/TCGA-VN-A88K-01.tsv
TCGA-VN-A88L-01	~/INTEGRATE-Vis-master/example/Example1/TCGA_PRAD_333_FeatureCounts_tsv/TCGA-VN-A88L-01.tsv
TCGA-VN-A88N-01	~/INTEGRATE-Vis-master/example/Example1/TCGA_PRAD_333_FeatureCounts_tsv/TCGA-VN-A88N-01.tsv
TCGA-VN-A88O-01	~/INTEGRATE-Vis-master/example/Example1/TCGA_PRAD_333_FeatureCounts_tsv/TCGA-VN-A88O-01.tsv
TCGA-VN-A88P-01	~/INTEGRATE-Vis-master/example/Example1/TCGA_PRAD_333_FeatureCounts_tsv/TCGA-VN-A88P-01.tsv
TCGA-VN-A88Q-01	~/INTEGRATE-Vis-master/example/Example1/TCGA_PRAD_333_FeatureCounts_tsv/TCGA-VN-A88Q-01.tsv
TCGA-VN-A88R-01	~/INTEGRATE-Vis-master/example/Example1/TCGA_PRAD_333_FeatureCounts_tsv/TCGA-VN-A88R-01.tsv
TCGA-VP-A872-01	~/INTEGRATE-Vis-master/example/Example1/TCGA_PRAD_333_FeatureCounts_tsv/TCGA-VP-A872-01.tsv
TCGA-VP-A875-01	~/INTEGRATE-Vis-master/example/Example1/TCGA_PRAD_333_FeatureCounts_tsv/TCGA-VP-A875-01.tsv
TCGA-VP-A876-01	~/INTEGRATE-Vis-master/example/Example1/TCGA_PRAD_333_FeatureCounts_tsv/TCGA-VP-A876-01.tsv
TCGA-VP-A878-01	~/INTEGRATE-Vis-master/example/Example1/TCGA_PRAD_333_FeatureCounts_tsv/TCGA-VP-A878-01.tsv
TCGA-VP-A879-01	~/INTEGRATE-Vis-master/example/Example1/TCGA_PRAD_333_FeatureCounts_tsv/TCGA-VP-A879-01.tsv
TCGA-VP-A87B-01	~/INTEGRATE-Vis-master/example/Example1/TCGA_PRAD_333_FeatureCounts_tsv/TCGA-VP-A87B-01.tsv
TCGA-VP-A87C-01	~/INTEGRATE-Vis-master/example/Example1/TCGA_PRAD_333_FeatureCounts_tsv/TCGA-VP-A87C-01.tsv
TCGA-VP-A87D-01	~/INTEGRATE-Vis-master/example/Example1/TCGA_PRAD_333_FeatureCounts_tsv/TCGA-VP-A87D-01.tsv
TCGA-VP-A87E-01	~/INTEGRATE-Vis-master/example/Example1/TCGA_PRAD_333_FeatureCounts_tsv/TCGA-VP-A87E-01.tsv
TCGA-VP-A87H-01	~/INTEGRATE-Vis-master/example/Example1/TCGA_PRAD_333_FeatureCounts_tsv/TCGA-VP-A87H-01.tsv
TCGA-VP-A87J-01	~/INTEGRATE-Vis-master/example/Example1/TCGA_PRAD_333_FeatureCounts_tsv/TCGA-VP-A87J-01.tsv
TCGA-VP-A87K-01	~/INTEGRATE-Vis-master/example/Example1/TCGA_PRAD_333_FeatureCounts_tsv/TCGA-VP-A87K-01.tsv
TCGA-WW-A8ZI-01	~/INTEGRATE-Vis-master/example/Example1/TCGA_PRAD_333_FeatureCounts_tsv/TCGA-WW-A8ZI-01.tsv
TCGA-XA-A8JR-01	~/INTEGRATE-Vis-master/example/Example1/TCGA_PRAD_333_FeatureCounts_tsv/TCGA-XA-A8JR-01.tsv
TCGA-XJ-A83G-01	~/INTEGRATE-Vis-master/example/Example1/TCGA_PRAD_333_FeatureCounts_tsv/TCGA-XJ-A83G-01.tsv
TCGA-XJ-A83H-01	~/INTEGRATE-Vis-master/example/Example1/TCGA_PRAD_333_FeatureCounts_tsv/TCGA-XJ-A83H-01.tsv
TCGA-XJ-A9DI-01	~/INTEGRATE-Vis-master/example/Example1/TCGA_PRAD_333_FeatureCounts_tsv/TCGA-XJ-A9DI-01.tsv
TCGA-XJ-A9DK-01	~/INTEGRATE-Vis-master/example/Example1/TCGA_PRAD_333_FeatureCounts_tsv/TCGA-XJ-A9DK-01.tsv
TCGA-XQ-A8TA-01	~/INTEGRATE-Vis-master/example/Example1/TCGA_PRAD_333_FeatureCounts_tsv/TCGA-XQ-A8TA-01.tsv
TCGA-XQ-A8TB-01	~/INTEGRATE-Vis-master/example/Example1/TCGA_PRAD_333_FeatureCounts_tsv/TCGA-XQ-A8TB-01.tsv
TCGA-Y6-A8TL-01	~/INTEGRATE-Vis-master/example/Example1/TCGA_PRAD_333_FeatureCounts_tsv/TCGA-Y6-A8TL-01.tsv
TCGA-YJ-A8SW-01	~/INTEGRATE-Vis-master/example/Example1/TCGA_PRAD_333_FeatureCounts_tsv/TCGA-YJ-A8SW-01.tsv
TCGA-YL-A8HJ-01	~/INTEGRATE-Vis-master/example/Example1/TCGA_PRAD_333_FeatureCounts_tsv/TCGA-YL-A8HJ-01.tsv
TCGA-YL-A8HK-01	~/INTEGRATE-Vis-master/example/Example1/TCGA_PRAD_333_FeatureCounts_tsv/TCGA-YL-A8HK-01.tsv
TCGA-YL-A8HL-01	~/INTEGRATE-Vis-master/example/Example1/TCGA_PRAD_333_FeatureCounts_tsv/TCGA-YL-A8HL-01.tsv
TCGA-YL-A8HM-01	~/INTEGRATE-Vis-master/example/Example1/TCGA_PRAD_333_FeatureCounts_tsv/TCGA-YL-A8HM-01.tsv
TCGA-YL-A8HO-01	~/INTEGRATE-Vis-master/example/Example1/TCGA_PRAD_333_FeatureCounts_tsv/TCGA-YL-A8HO-01.tsv
TCGA-YL-A8S8-01	~/INTEGRATE-Vis-master/example/Example1/TCGA_PRAD_333_FeatureCounts_tsv/TCGA-YL-A8S8-01.tsv
TCGA-YL-A8S9-01	~/INTEGRATE-Vis-master/example/Example1/TCGA_PRAD_333_FeatureCounts_tsv/TCGA-YL-A8S9-01.tsv
TCGA-YL-A8SA-01	~/INTEGRATE-Vis-master/example/Example1/TCGA_PRAD_333_FeatureCounts_tsv/TCGA-YL-A8SA-01.tsv
TCGA-YL-A8SB-01	~/INTEGRATE-Vis-master/example/Example1/TCGA_PRAD_333_FeatureCounts_tsv/TCGA-YL-A8SB-01.tsv
TCGA-YL-A8SC-01	~/INTEGRATE-Vis-master/example/Example1/TCGA_PRAD_333_FeatureCounts_tsv/TCGA-YL-A8SC-01.tsv
TCGA-YL-A8SF-01	~/INTEGRATE-Vis-master/example/Example1/TCGA_PRAD_333_FeatureCounts_tsv/TCGA-YL-A8SF-01.tsv
TCGA-YL-A8SH-01	~/INTEGRATE-Vis-master/example/Example1/TCGA_PRAD_333_FeatureCounts_tsv/TCGA-YL-A8SH-01.tsv
TCGA-YL-A8SJ-01	~/INTEGRATE-Vis-master/example/Example1/TCGA_PRAD_333_FeatureCounts_tsv/TCGA-YL-A8SJ-01.tsv
TCGA-YL-A8SK-01	~/INTEGRATE-Vis-master/example/Example1/TCGA_PRAD_333_FeatureCounts_tsv/TCGA-YL-A8SK-01.tsv
TCGA-YL-A8SL-01	~/INTEGRATE-Vis-master/example/Example1/TCGA_PRAD_333_FeatureCounts_tsv/TCGA-YL-A8SL-01.tsv
TCGA-YL-A8SO-01	~/INTEGRATE-Vis-master/example/Example1/TCGA_PRAD_333_FeatureCounts_tsv/TCGA-YL-A8SO-01.tsv
TCGA-YL-A8SP-01	~/INTEGRATE-Vis-master/example/Example1/TCGA_PRAD_333_FeatureCounts_tsv/TCGA-YL-A8SP-01.tsv
TCGA-YL-A8SQ-01	~/INTEGRATE-Vis-master/example/Example1/TCGA_PRAD_333_FeatureCounts_tsv/TCGA-YL-A8SQ-01.tsv
TCGA-YL-A8SR-01	~/INTEGRATE-Vis-master/example/Example1/TCGA_PRAD_333_FeatureCounts_tsv/TCGA-YL-A8SR-01.tsv
TCGA-YL-A9WH-01	~/INTEGRATE-Vis-master/example/Example1/TCGA_PRAD_333_FeatureCounts_tsv/TCGA-YL-A9WH-01.tsv
TCGA-YL-A9WI-01	~/INTEGRATE-Vis-master/example/Example1/TCGA_PRAD_333_FeatureCounts_tsv/TCGA-YL-A9WI-01.tsv
TCGA-YL-A9WJ-01	~/INTEGRATE-Vis-master/example/Example1/TCGA_PRAD_333_FeatureCounts_tsv/TCGA-YL-A9WJ-01.tsv
TCGA-ZG-A8QW-01	~/INTEGRATE-Vis-master/example/Example1/TCGA_PRAD_333_FeatureCounts_tsv/TCGA-ZG-A8QW-01.tsv
TCGA-ZG-A8QX-01	~/INTEGRATE-Vis-master/example/Example1/TCGA_PRAD_333_FeatureCounts_tsv/TCGA-ZG-A8QX-01.tsv
TCGA-ZG-A8QY-01	~/INTEGRATE-Vis-master/example/Example1/TCGA_PRAD_333_FeatureCounts_tsv/TCGA-ZG-A8QY-01.tsv
TCGA-ZG-A8QZ-01	~/INTEGRATE-Vis-master/example/Example1/TCGA_PRAD_333_FeatureCounts_tsv/TCGA-ZG-A8QZ-01.tsv
